{
  "meta": {
    "timestamp": "2026-06-02T16:48:51.971935+00:00",
    "workers": 150,
    "duration": 35
  },
  "baseline": {
    "phase_label": "baseline",
    "sample_count": 3,
    "peak_rps_total": 0.6998600279944012,
    "avg_rps_total": 0.4999600220022021,
    "peak_rps_200": 0.6998600279944012,
    "avg_rps_200": 0.4999600220022021,
    "peak_rps_5xx": 0.0,
    "avg_rps_5xx": 0.0,
    "peak_latency_p50": 0.0025,
    "avg_latency_p50": 0.0025,
    "peak_latency_p95": 0.00475,
    "avg_latency_p95": 0.00475,
    "peak_latency_p99": 0.00495,
    "avg_latency_p99": 0.00495,
    "peak_nginx_active": 1.0,
    "avg_nginx_active": 1.0,
    "peak_nginx_waiting": 0.0,
    "peak_blocked_rps": 0.0,
    "avg_blocked_rps": 0.0,
    "timeseries": [
      {
        "timestamp": 1780418931.9729693,
        "label": "baseline",
        "rps_total": 0.5999400059994,
        "rps_200": 0.5999400059994,
        "rps_5xx": 0.0,
        "latency_p50": 0.0,
        "latency_p95": 0.0,
        "latency_p99": 0.0,
        "nginx_active": 1.0,
        "nginx_waiting": 0.0,
        "nginx_rps": 0.30000000000000004,
        "blocked_rps": 0.0
      },
      {
        "timestamp": 1780418937.1026232,
        "label": "baseline",
        "rps_total": 0.6998600279944012,
        "rps_200": 0.6998600279944012,
        "rps_5xx": 0.0,
        "latency_p50": 0.0025,
        "latency_p95": 0.00475,
        "latency_p99": 0.00495,
        "nginx_active": 1.0,
        "nginx_waiting": 0.0,
        "nginx_rps": 0.4000400040004,
        "blocked_rps": 0.0
      },
      {
        "timestamp": 1780418942.2201023,
        "label": "baseline",
        "rps_total": 0.20008003201280514,
        "rps_200": 0.2000800320128051,
        "rps_5xx": 0.0,
        "latency_p50": 0.0025,
        "latency_p95": 0.00475,
        "latency_p99": 0.00495,
        "nginx_active": 1.0,
        "nginx_waiting": 0.0,
        "nginx_rps": 0.40012003601080326,
        "blocked_rps": 0.0
      }
    ]
  },
  "phase2": {
    "phase_label": "Phase 2 – No Defense",
    "sample_count": 14,
    "peak_rps_total": 488.8022395520896,
    "avg_rps_total": 208.9716259491081,
    "peak_rps_200": 488.8022395520896,
    "avg_rps_200": 208.99525185481585,
    "peak_rps_5xx": 0.0,
    "avg_rps_5xx": 0.0,
    "peak_latency_p50": 0.0025207667731629393,
    "avg_latency_p50": 0.0025145385316969002,
    "peak_latency_p95": 0.004789456869009585,
    "avg_latency_p95": 0.004777623221030421,
    "peak_latency_p99": 0.00499111821086262,
    "avg_latency_p99": 0.0049787863074857615,
    "peak_nginx_active": 151.0,
    "avg_nginx_active": 92.14285714285714,
    "peak_nginx_waiting": 150.0,
    "peak_blocked_rps": 0.0,
    "avg_blocked_rps": 0.0,
    "timeseries": [
      {
        "timestamp": 1780418953.8522885,
        "label": "Phase 2 – No Defense",
        "rps_total": 0.0,
        "rps_200": 0.0,
        "rps_5xx": 0.0,
        "latency_p50": NaN,
        "latency_p95": NaN,
        "latency_p99": NaN,
        "nginx_active": 1.0,
        "nginx_waiting": 0.0,
        "nginx_rps": 0.30000000000000004,
        "blocked_rps": 0.0
      },
      {
        "timestamp": 1780418958.9997003,
        "label": "Phase 2 – No Defense",
        "rps_total": 0.0,
        "rps_200": 0.0,
        "rps_5xx": 0.0,
        "latency_p50": NaN,
        "latency_p95": NaN,
        "latency_p99": NaN,
        "nginx_active": 1.0,
        "nginx_waiting": 0.0,
        "nginx_rps": 0.30000000000000004,
        "blocked_rps": 0.0
      },
      {
        "timestamp": 1780418964.173354,
        "label": "Phase 2 – No Defense",
        "rps_total": 84.40721189095514,
        "rps_200": 84.5862027594481,
        "rps_5xx": 0.0,
        "latency_p50": 0.002505402693460799,
        "latency_p95": 0.004760265156715794,
        "latency_p99": 0.004960697397235923,
        "nginx_active": 103.0,
        "nginx_waiting": 35.0,
        "nginx_rps": 200.64755431160867,
        "blocked_rps": 0.0
      },
      {
        "timestamp": 1780418969.5585053,
        "label": "Phase 2 – No Defense",
        "rps_total": 162.40298666666666,
        "rps_200": 162.50750666666667,
        "rps_5xx": 0.0,
        "latency_p50": 0.002515873666581488,
        "latency_p95": 0.004780160046233972,
        "latency_p99": 0.004981429957632703,
        "nginx_active": 131.0,
        "nginx_waiting": 130.0,
        "nginx_rps": 435.4979297929793,
        "blocked_rps": 0.0
      },
      {
        "timestamp": 1780418974.7824495,
        "label": "Phase 2 – No Defense",
        "rps_total": 157.92634107285826,
        "rps_200": 157.92634107285826,
        "rps_5xx": 0.0,
        "latency_p50": 0.0025207667731629393,
        "latency_p95": 0.004789456869009585,
        "latency_p99": 0.00499111821086262,
        "nginx_active": 145.0,
        "nginx_waiting": 135.0,
        "nginx_rps": 530.2302302302303,
        "blocked_rps": 0.0
      },
      {
        "timestamp": 1780418980.067272,
        "label": "Phase 2 – No Defense",
        "rps_total": 180.90854512707628,
        "rps_200": 180.90854512707628,
        "rps_5xx": 0.0,
        "latency_p50": 0.0025195094760312154,
        "latency_p95": 0.004787068004459309,
        "latency_p99": 0.004988628762541807,
        "nginx_active": 151.0,
        "nginx_waiting": 148.0,
        "nginx_rps": 523.1615807903952,
        "blocked_rps": 0.0
      },
      {
        "timestamp": 1780418985.2749023,
        "label": "Phase 2 – No Defense",
        "rps_total": 488.8022395520896,
        "rps_200": 488.8022395520896,
        "rps_5xx": 0.0,
        "latency_p50": 0.002508216926869351,
        "latency_p95": 0.004765612161051766,
        "latency_p99": 0.0049662695152013145,
        "nginx_active": 151.0,
        "nginx_waiting": 150.0,
        "nginx_rps": 533.9533953395339,
        "blocked_rps": 0.0
      },
      {
        "timestamp": 1780418990.4901893,
        "label": "Phase 2 – No Defense",
        "rps_total": 468.70000000000005,
        "rps_200": 468.70000000000005,
        "rps_5xx": 0.0,
        "latency_p50": 0.0025037433155080217,
        "latency_p95": 0.004757112299465241,
        "latency_p99": 0.004957411764705883,
        "nginx_active": 151.0,
        "nginx_waiting": 146.0,
        "nginx_rps": 513.8000000000001,
        "blocked_rps": 0.0
      },
      {
        "timestamp": 1780418995.7028105,
        "label": "Phase 2 – No Defense",
        "rps_total": 153.3846615338466,
        "rps_200": 153.3846615338466,
        "rps_5xx": 0.0,
        "latency_p50": 0.002519723865877712,
        "latency_p95": 0.0047874753451676525,
        "latency_p99": 0.0049890532544378694,
        "nginx_active": 151.0,
        "nginx_waiting": 146.0,
        "nginx_rps": 510.69786042791446,
        "blocked_rps": 0.0
      },
      {
        "timestamp": 1780419000.8842607,
        "label": "Phase 2 – No Defense",
        "rps_total": 213.57085668534825,
        "rps_200": 213.57085668534828,
        "rps_5xx": 0.0,
        "latency_p50": 0.0025152797367183825,
        "latency_p95": 0.004779031499764926,
        "latency_p99": 0.004980253878702399,
        "nginx_active": 151.0,
        "nginx_waiting": 150.0,
        "nginx_rps": 501.5501550155015,
        "blocked_rps": 0.0
      },
      {
        "timestamp": 1780419006.3712847,
        "label": "Phase 2 – No Defense",
        "rps_total": 213.95720855828836,
        "rps_200": 213.95720855828836,
        "rps_5xx": 0.0,
        "latency_p50": 0.002516462841015993,
        "latency_p95": 0.004781279397930385,
        "latency_p99": 0.004982596425211665,
        "nginx_active": 151.0,
        "nginx_waiting": 143.0,
        "nginx_rps": 436.9310793237971,
        "blocked_rps": 0.0
      },
      {
        "timestamp": 1780419012.352579,
        "label": "Phase 2 – No Defense",
        "rps_total": 230.3769623037696,
        "rps_200": 230.3769623037696,
        "rps_5xx": 0.0,
        "latency_p50": 0.0025185832968954956,
        "latency_p95": 0.004785308264101442,